{
    "NN": [
        [
            {
                "lr": 0.01,
                "max_epochs": 2,
                "module__drop": 0.4,
                "module__hidden": 20
            },
            0.6451288592114641,
            0.00010459818166791353
        ],
        [
            {
                "lr": 0.01,
                "max_epochs": 2,
                "module__drop": 0.4,
                "module__hidden": 10
            },
            0.6450913456127846,
            3.0466900430260063e-05
        ],
        [
            {
                "lr": 0.01,
                "max_epochs": 1,
                "module__drop": 0.4,
                "module__hidden": 20
            },
            0.6448812694601793,
            0.00012421652761833736
        ],
        [
            {
                "lr": 0.01,
                "max_epochs": 1,
                "module__drop": 0.4,
                "module__hidden": 10
            },
            0.6448737667404434,
            0.00014157684059737505
        ],
        [
            {
                "lr": 0.01,
                "max_epochs": 1,
                "module__drop": 0.2,
                "module__hidden": 10
            },
            0.6448362531417638,
            0.0001608269190881178
        ],
        [
            {
                "lr": 0.01,
                "max_epochs": 2,
                "module__drop": 0.2,
                "module__hidden": 10
            },
            0.6448137449825562,
            0.00031848281976279424
        ],
        [
            {
                "lr": 0.01,
                "max_epochs": 2,
                "module__drop": 0.2,
                "module__hidden": 20
            },
            0.6447612259444049,
            9.946318943116786e-05
        ],
        [
            {
                "lr": 0.01,
                "max_epochs": 1,
                "module__drop": 0.2,
                "module__hidden": 20
            },
            0.6446861987470458,
            0.0003215958705720911
        ],
        [
            {
                "lr": 0.001,
                "max_epochs": 2,
                "module__drop": 0.4,
                "module__hidden": 20
            },
            0.6435682935063961,
            0.001542845912052163
        ],
        [
            {
                "lr": 0.001,
                "max_epochs": 1,
                "module__drop": 0.4,
                "module__hidden": 20
            },
            0.6428105188130697,
            0.0018205710124689107
        ],
        [
            {
                "lr": 0.001,
                "max_epochs": 2,
                "module__drop": 0.2,
                "module__hidden": 20
            },
            0.6421127658776307,
            0.0019440040463797078
        ],
        [
            {
                "lr": 0.001,
                "max_epochs": 1,
                "module__drop": 0.4,
                "module__hidden": 10
            },
            0.6400345125107851,
            0.0069745492358301376
        ],
        [
            {
                "lr": 0.001,
                "max_epochs": 2,
                "module__drop": 0.2,
                "module__hidden": 10
            },
            0.635968038413925,
            0.0073475028731081835
        ],
        [
            {
                "lr": 0.001,
                "max_epochs": 2,
                "module__drop": 0.4,
                "module__hidden": 10
            },
            0.6347601005364445,
            0.001164625741837199
        ],
        [
            {
                "lr": 0.001,
                "max_epochs": 1,
                "module__drop": 0.2,
                "module__hidden": 20
            },
            0.624683947931125,
            0.021988707784531727
        ],
        [
            {
                "lr": 0.0001,
                "max_epochs": 1,
                "module__drop": 0.4,
                "module__hidden": 20
            },
            0.611126533368346,
            0.033484768747136975
        ],
        [
            {
                "lr": 0.0001,
                "max_epochs": 2,
                "module__drop": 0.4,
                "module__hidden": 20
            },
            0.5896312413249803,
            0.011892251346526515
        ],
        [
            {
                "lr": 0.0001,
                "max_epochs": 2,
                "module__drop": 0.2,
                "module__hidden": 20
            },
            0.5888059421540308,
            0.07430289627963059
        ],
        [
            {
                "lr": 0.001,
                "max_epochs": 1,
                "module__drop": 0.2,
                "module__hidden": 10
            },
            0.5784371834790112,
            0.09054559230121952
        ],
        [
            {
                "lr": 0.0001,
                "max_epochs": 1,
                "module__drop": 0.2,
                "module__hidden": 20
            },
            0.5764264545897888,
            0.030212988062997524
        ],
        [
            {
                "lr": 0.0001,
                "max_epochs": 2,
                "module__drop": 0.4,
                "module__hidden": 10
            },
            0.5543009340886071,
            0.11514164281472233
        ],
        [
            {
                "lr": 0.0001,
                "max_epochs": 1,
                "module__drop": 0.2,
                "module__hidden": 10
            },
            0.5345687811831789,
            0.09502714053822575
        ],
        [
            {
                "lr": 0.0001,
                "max_epochs": 1,
                "module__drop": 0.4,
                "module__hidden": 10
            },
            0.4884945792849908,
            0.10237995760579652
        ],
        [
            {
                "lr": 0.0001,
                "max_epochs": 2,
                "module__drop": 0.2,
                "module__hidden": 10
            },
            0.43881907191356867,
            0.09235895517386226
        ]
    ]
}