{
    "ADB": [
        [
            {
                "learning_rate": 0.2,
                "n_estimators": 50
            },
            0.652035265428625,
            0.01425376870494309
        ],
        [
            {
                "learning_rate": 0.1,
                "n_estimators": 50
            },
            0.6518476833614707,
            0.012752821708335022
        ],
        [
            {
                "learning_rate": 0.2,
                "n_estimators": 20
            },
            0.6518476833614707,
            0.01411983437745928
        ],
        [
            {
                "learning_rate": 0.05,
                "n_estimators": 80
            },
            0.6514725192271619,
            0.014364426726000138
        ],
        [
            {
                "learning_rate": 0.1,
                "n_estimators": 80
            },
            0.6514725192271619,
            0.01299877406795751
        ],
        [
            {
                "learning_rate": 0.2,
                "n_estimators": 80
            },
            0.6495966985556181,
            0.013208228656750292
        ],
        [
            {
                "learning_rate": 0.05,
                "n_estimators": 20
            },
            0.6486587882198461,
            0.012653102197741569
        ],
        [
            {
                "learning_rate": 0.05,
                "n_estimators": 50
            },
            0.6486587882198461,
            0.012653102197741569
        ],
        [
            {
                "learning_rate": 0.1,
                "n_estimators": 20
            },
            0.6486587882198461,
            0.012653102197741569
        ]
    ],
    "GDB": [
        [
            {
                "learning_rate": 0.1,
                "n_estimators": 50
            },
            0.6503470268242356,
            0.014791651850471838
        ],
        [
            {
                "learning_rate": 0.2,
                "n_estimators": 20
            },
            0.6497842806227725,
            0.014546986284255308
        ],
        [
            {
                "learning_rate": 0.05,
                "n_estimators": 20
            },
            0.649033952354155,
            0.012636405772349889
        ],
        [
            {
                "learning_rate": 0.1,
                "n_estimators": 20
            },
            0.649033952354155,
            0.014741611483315343
        ],
        [
            {
                "learning_rate": 0.1,
                "n_estimators": 80
            },
            0.649033952354155,
            0.012876385144798748
        ],
        [
            {
                "learning_rate": 0.05,
                "n_estimators": 50
            },
            0.6484712061526918,
            0.017927586271949507
        ],
        [
            {
                "learning_rate": 0.05,
                "n_estimators": 80
            },
            0.6471581316826112,
            0.0132534396793515
        ],
        [
            {
                "learning_rate": 0.2,
                "n_estimators": 50
            },
            0.6413430876008254,
            0.010963525939750484
        ],
        [
            {
                "learning_rate": 0.2,
                "n_estimators": 80
            },
            0.6334646407803414,
            0.009815400826825091
        ]
    ],
    "NN": [
        [
            {
                "lr": 0.01,
                "max_epochs": 2,
                "module__drop": 0.2,
                "module__hidden": 20
            },
            0.5906959294691427,
            0.041374498218181885
        ],
        [
            {
                "lr": 0.01,
                "max_epochs": 2,
                "module__drop": 0.2,
                "module__hidden": 10
            },
            0.575501782029638,
            0.06277304323002915
        ],
        [
            {
                "lr": 0.0001,
                "max_epochs": 2,
                "module__drop": 0.4,
                "module__hidden": 10
            },
            0.5721253048208591,
            0.08796658989181821
        ],
        [
            {
                "lr": 0.01,
                "max_epochs": 1,
                "module__drop": 0.2,
                "module__hidden": 20
            },
            0.555242918776965,
            0.030483095953137283
        ],
        [
            {
                "lr": 0.0001,
                "max_epochs": 2,
                "module__drop": 0.2,
                "module__hidden": 10
            },
            0.5516788595010317,
            0.13099327315180856
        ],
        [
            {
                "lr": 0.01,
                "max_epochs": 2,
                "module__drop": 0.4,
                "module__hidden": 10
            },
            0.5392984430688427,
            0.12264797804680888
        ],
        [
            {
                "lr": 0.001,
                "max_epochs": 2,
                "module__drop": 0.2,
                "module__hidden": 10
            },
            0.5349840555242918,
            0.07876481429871215
        ],
        [
            {
                "lr": 0.0001,
                "max_epochs": 1,
                "module__drop": 0.2,
                "module__hidden": 10
            },
            0.5286062652410429,
            0.11210410316191385
        ],
        [
            {
                "lr": 0.0001,
                "max_epochs": 2,
                "module__drop": 0.4,
                "module__hidden": 20
            },
            0.5280435190395798,
            0.06384186934226935
        ],
        [
            {
                "lr": 0.001,
                "max_epochs": 1,
                "module__drop": 0.4,
                "module__hidden": 10
            },
            0.5274807728381167,
            0.12366880386360941
        ],
        [
            {
                "lr": 0.01,
                "max_epochs": 1,
                "module__drop": 0.4,
                "module__hidden": 10
            },
            0.5199774901519415,
            0.041953852154453124
        ],
        [
            {
                "lr": 0.01,
                "max_epochs": 2,
                "module__drop": 0.4,
                "module__hidden": 20
            },
            0.5111611329956857,
            0.06588751684378666
        ],
        [
            {
                "lr": 0.001,
                "max_epochs": 1,
                "module__drop": 0.2,
                "module__hidden": 10
            },
            0.5055336709810542,
            0.110742707915875
        ],
        [
            {
                "lr": 0.001,
                "max_epochs": 1,
                "module__drop": 0.2,
                "module__hidden": 20
            },
            0.4924029262802476,
            0.11045892309632234
        ],
        [
            {
                "lr": 0.0001,
                "max_epochs": 2,
                "module__drop": 0.2,
                "module__hidden": 20
            },
            0.4879009566685425,
            0.02674080893757281
        ],
        [
            {
                "lr": 0.001,
                "max_epochs": 2,
                "module__drop": 0.2,
                "module__hidden": 20
            },
            0.4877133746013881,
            0.10460656556782465
        ],
        [
            {
                "lr": 0.001,
                "max_epochs": 2,
                "module__drop": 0.4,
                "module__hidden": 20
            },
            0.4854623897955355,
            0.056779452607283766
        ],
        [
            {
                "lr": 0.01,
                "max_epochs": 1,
                "module__drop": 0.2,
                "module__hidden": 10
            },
            0.4781466891765147,
            0.0533993135963714
        ],
        [
            {
                "lr": 0.01,